{"closing time": [1763382226.3931208, 1763382251.73469, 1763382266.1235695], "example before closing": "", "cursor before closing": 0, "cursor before moving calc": 0, "recent examples": [["", "", "", ""], ["", "", "", ""], ["", "", "", ""], ["", "", "", ""], ["", "", "", ""], ["", "", "", ""], ["", "", "", ""], ["", "", "", ""], ["", "", "", ""], ["", "", "", ""], ["", "", "", ""], ["", "", "", ""], ["sin()", " \u2013 \u0441\u0438\u043d\u0443\u0441(\u0432 \u0440\u0430\u0434\u0438\u0430\u043d\u0430\u0445, \u0435\u0441\u043b\u0438 \u0443\u0433\u043e\u043b \u0438\u0440\u0440\u0430\u0446\u0438\u043e\u043d\u0430\u043b\u044c\u043d\u044b\u0439, \u0438\u043d\u0430\u0447\u0435 \u0432 \u0433\u0440\u0430\u0434\u0443\u0441\u0430\u0445)", "", 4], ["sin(cos())", "0", "", 8], ["", "\u043d\u0430\u0436\u043c\u0438 [?] \u0438\u043b\u0438 ctrl+[/], \u0447\u0442\u043e\u0431\u044b \u0443\u0437\u043d\u0430\u0442\u044c \u043a\u0430\u043a \u0438\u0441\u043f\u043e\u043b\u044c\u0437\u043e\u0432\u0430\u0442\u044c \u043a\u0430\u043b\u044c\u043a\u0443\u043b\u044f\u0442\u043e\u0440", "", 0], ["sin()", " \u2013 \u0441\u0438\u043d\u0443\u0441(\u0432 \u0440\u0430\u0434\u0438\u0430\u043d\u0430\u0445, \u0435\u0441\u043b\u0438 \u0443\u0433\u043e\u043b \u0438\u0440\u0440\u0430\u0446\u0438\u043e\u043d\u0430\u043b\u044c\u043d\u044b\u0439, \u0438\u043d\u0430\u0447\u0435 \u0432 \u0433\u0440\u0430\u0434\u0443\u0441\u0430\u0445)", "", 4], ["sin(cos())", "0", "", 8], ["sin())", "0", "", 4], ["))", "0", "", 0], ["", "s \u0432\u0432\u043e\u0434\u0438\u0442 sin, c \u2014 cos, t \u2014 tg, k \u2014 ctg", "", 0]], "last examples": [["", "", "", "", "", ""], ["", "", "", 0, null, "\u043f\u043e \u0443\u043c\u043e\u043b\u0447\u0430\u043d\u0438\u044e"], ["sin()", " \u2013 \u0441\u0438\u043d\u0443\u0441(\u0432 \u0440\u0430\u0434\u0438\u0430\u043d\u0430\u0445, \u0435\u0441\u043b\u0438 \u0443\u0433\u043e\u043b \u0438\u0440\u0440\u0430\u0446\u0438\u043e\u043d\u0430\u043b\u044c\u043d\u044b\u0439, \u0438\u043d\u0430\u0447\u0435 \u0432 \u0433\u0440\u0430\u0434\u0443\u0441\u0430\u0445)", "", 4, null, "\u043f\u043e \u0443\u043c\u043e\u043b\u0447\u0430\u043d\u0438\u044e"], ["sin(cos())", "0", "", 8, null, "\u043f\u043e \u0443\u043c\u043e\u043b\u0447\u0430\u043d\u0438\u044e"], ["", "", "", 0, null, "\u043f\u043e \u0443\u043c\u043e\u043b\u0447\u0430\u043d\u0438\u044e"], ["sin()", " \u2013 \u0441\u0438\u043d\u0443\u0441(\u0432 \u0440\u0430\u0434\u0438\u0430\u043d\u0430\u0445, \u0435\u0441\u043b\u0438 \u0443\u0433\u043e\u043b \u0438\u0440\u0440\u0430\u0446\u0438\u043e\u043d\u0430\u043b\u044c\u043d\u044b\u0439, \u0438\u043d\u0430\u0447\u0435 \u0432 \u0433\u0440\u0430\u0434\u0443\u0441\u0430\u0445)", "", 4, null, "\u043f\u043e \u0443\u043c\u043e\u043b\u0447\u0430\u043d\u0438\u044e"], ["sin(cos())", "0", "", 8, null, "\u043f\u043e \u0443\u043c\u043e\u043b\u0447\u0430\u043d\u0438\u044e"], ["sin())", "0", "", 4, null, "\u043f\u043e \u0443\u043c\u043e\u043b\u0447\u0430\u043d\u0438\u044e"], ["))", "0", "", 0, null, "\u043f\u043e \u0443\u043c\u043e\u043b\u0447\u0430\u043d\u0438\u044e"], ["", "", "", 0, null, "\u043f\u043e \u0443\u043c\u043e\u043b\u0447\u0430\u043d\u0438\u044e"]], "low": 1129, "mid": 564, "top": 0, "mouse coords": {"x": 676, "y": 1141}, "win theme alike calc": true, "rounding info longer": 3}