{"closing time": [1763379853.3386314, 1763379854.6822863, 1763379855.8436372], "example before closing": "", "cursor before closing": 0, "cursor before moving calc": 0, "recent examples": [["sin(-)", "0", "", 5], ["sin(-5)", "-0.087 155 742 747 658 174", "sin(-5)", 6], ["(1/)sin(-5)", " \u041e\u043a\u043e\u043b\u043e \u0441\u043a\u043e\u0431\u043a\u0438, \u043c\u043e\u0434\u0443\u043b\u044f, \u0444\u0430\u043a\u0442\u043e\u0440\u0438\u0430\u043b\u0430 \u0438\u043b\u0438 \u0447\u0438\u0441\u043b\u0430 e, \u03c0 \u0438\u043b\u0438 \u03c6 \u2014 \u043e\u0448\u0438\u0431\u043a\u0430!", "", 3], ["(1)sin(-5)", " \u041e\u043a\u043e\u043b\u043e \u0441\u043a\u043e\u0431\u043a\u0438, \u043c\u043e\u0434\u0443\u043b\u044f, \u0444\u0430\u043a\u0442\u043e\u0440\u0438\u0430\u043b\u0430 \u0438\u043b\u0438 \u0447\u0438\u0441\u043b\u0430 e, \u03c0 \u0438\u043b\u0438 \u03c6 \u2014 \u043e\u0448\u0438\u0431\u043a\u0430!", "", 2], ["()sin(-5)", "-0.087 155 742 747 658 174", "sin(-5)", 1], ["sin(-5)", "-0.087 155 742 747 658 174", "sin(-5)", 0], ["log()by()sin(-5)", "-0.087 155 742 747 658 174", "sin(-5)", 4], ["sin(-5)", "-0.087 155 742 747 658 174", "sin(-5)", 0], ["sin(-)", "0", "", 5], ["sin()", " \u2013 \u0441\u0438\u043d\u0443\u0441(\u0432 \u0440\u0430\u0434\u0438\u0430\u043d\u0430\u0445, \u0435\u0441\u043b\u0438 \u0443\u0433\u043e\u043b \u0438\u0440\u0440\u0430\u0446\u0438\u043e\u043d\u0430\u043b\u044c\u043d\u044b\u0439, \u0438\u043d\u0430\u0447\u0435 \u0432 \u0433\u0440\u0430\u0434\u0443\u0441\u0430\u0445)", "", 4], ["sin(3)", "0.052 335 956 242 943 833", "sin3", 5], ["log()by()sin(3)", "0.052 335 956 242 943 833", "sin3", 4], ["sin(3)", "0.052 335 956 242 943 833", "sin3", 0], ["sin(3", "0.052 335 956 242 943 833", "sin3", 5], ["sin(", " \u0412 \u043f\u0440\u0438\u043c\u0435\u0440\u0435 \u0435\u0441\u0442\u044c \u0441\u043a\u043e\u0431\u043a\u0438 \u0431\u0435\u0437 \u0447\u0438\u0441\u0435\u043b \u0432\u043d\u0443\u0442\u0440\u0438", "", 4], ["sin", "0", "", 3], ["", "\u043d\u0430\u0436\u043c\u0438 [?] \u0438\u043b\u0438 ctrl+[/], \u0447\u0442\u043e\u0431\u044b \u0443\u0437\u043d\u0430\u0442\u044c \u043a\u0430\u043a \u0438\u0441\u043f\u043e\u043b\u044c\u0437\u043e\u0432\u0430\u0442\u044c \u043a\u0430\u043b\u044c\u043a\u0443\u043b\u044f\u0442\u043e\u0440", "", 0], ["1", "1", "1", 1], ["11", "11", "11", 2], ["", "\u042f \u043f\u043e\u043c\u043e\u0433\u0443. \u041f\u0440\u043e\u0441\u0442\u043e \u043f\u0438\u0448\u0438", "", 0]], "last examples": [["", "", "", "", "", ""], ["", "", "", 0, null, "\u043f\u043e \u0443\u043c\u043e\u043b\u0447\u0430\u043d\u0438\u044e"], ["sin()", " \u2013 \u0441\u0438\u043d\u0443\u0441(\u0432 \u0440\u0430\u0434\u0438\u0430\u043d\u0430\u0445, \u0435\u0441\u043b\u0438 \u0443\u0433\u043e\u043b \u0438\u0440\u0440\u0430\u0446\u0438\u043e\u043d\u0430\u043b\u044c\u043d\u044b\u0439, \u0438\u043d\u0430\u0447\u0435 \u0432 \u0433\u0440\u0430\u0434\u0443\u0441\u0430\u0445)", "", 4, null, "\u043f\u043e \u0443\u043c\u043e\u043b\u0447\u0430\u043d\u0438\u044e"], ["sin(-)", "0", "", 5, null, "\u043f\u043e \u0443\u043c\u043e\u043b\u0447\u0430\u043d\u0438\u044e"], ["sin(-3)", "-0.052 335 956 242 943 833", "", 6, null, "\u043f\u043e \u0443\u043c\u043e\u043b\u0447\u0430\u043d\u0438\u044e"], ["sin(-3)", "-0.052 335 956 242 943 833", "", 5, null, "\u043f\u043e \u0443\u043c\u043e\u043b\u0447\u0430\u043d\u0438\u044e"], ["sin(-3)", "-0.052 335 956 242 943 833", "", 4, null, "\u043f\u043e \u0443\u043c\u043e\u043b\u0447\u0430\u043d\u0438\u044e"], ["sin(-3)", "-0.052 335 956 242 943 833", "", 0, null, "\u043f\u043e \u0443\u043c\u043e\u043b\u0447\u0430\u043d\u0438\u044e"], ["log()by()sin(-3)", "-0.052 335 956 242 943 833", "", 4, null, "\u043f\u043e \u0443\u043c\u043e\u043b\u0447\u0430\u043d\u0438\u044e"], ["sin(-3)", "-0.052 335 956 242 943 833", "", 0, null, "\u043f\u043e \u0443\u043c\u043e\u043b\u0447\u0430\u043d\u0438\u044e"], ["sin(-3)", "-0.052 335 956 242 943 833", "", 4, null, "\u043f\u043e \u0443\u043c\u043e\u043b\u0447\u0430\u043d\u0438\u044e"], ["sin(-3)", "-0.052 335 956 242 943 833", "", 5, null, "\u043f\u043e \u0443\u043c\u043e\u043b\u0447\u0430\u043d\u0438\u044e"], ["sin(-3)", "-0.052 335 956 242 943 833", "", 6, null, "\u043f\u043e \u0443\u043c\u043e\u043b\u0447\u0430\u043d\u0438\u044e"], ["sin(-)", "0", "", 5, null, "\u043f\u043e \u0443\u043c\u043e\u043b\u0447\u0430\u043d\u0438\u044e"], ["sin()", " \u2013 \u0441\u0438\u043d\u0443\u0441(\u0432 \u0440\u0430\u0434\u0438\u0430\u043d\u0430\u0445, \u0435\u0441\u043b\u0438 \u0443\u0433\u043e\u043b \u0438\u0440\u0440\u0430\u0446\u0438\u043e\u043d\u0430\u043b\u044c\u043d\u044b\u0439, \u0438\u043d\u0430\u0447\u0435 \u0432 \u0433\u0440\u0430\u0434\u0443\u0441\u0430\u0445)", "", 4, null, "\u043f\u043e \u0443\u043c\u043e\u043b\u0447\u0430\u043d\u0438\u044e"], ["sin(3)", "0.052 335 956 242 943 833", "", 5, null, "\u043f\u043e \u0443\u043c\u043e\u043b\u0447\u0430\u043d\u0438\u044e"], ["sin(3)", "0.052 335 956 242 943 833", "", 4, null, "\u043f\u043e \u0443\u043c\u043e\u043b\u0447\u0430\u043d\u0438\u044e"], ["sin(3)", "0.052 335 956 242 943 833", "", 0, null, "\u043f\u043e \u0443\u043c\u043e\u043b\u0447\u0430\u043d\u0438\u044e"], ["sin(3)", "0.052 335 956 242 943 833", "", -1, null, "\u043f\u043e \u0443\u043c\u043e\u043b\u0447\u0430\u043d\u0438\u044e"], ["sin(3)", "0.052 335 956 242 943 833", "", -2, null, "\u043f\u043e \u0443\u043c\u043e\u043b\u0447\u0430\u043d\u0438\u044e"], ["si)by()n(log(3)", " \u0427\u0442\u043e-\u0442\u043e \u043d\u0435 \u0442\u0430\u043a \u0441\u043e \u0441\u043a\u043e\u0431\u043a\u0430\u043c\u0438, \u043c\u043e\u0434\u0443\u043b\u0435\u043c \u0438\u043b\u0438 \u043b\u043e\u0433\u0430\u0440\u0438\u0444\u043c\u043e\u043c!", "", 2, null, "\u043f\u043e \u0443\u043c\u043e\u043b\u0447\u0430\u043d\u0438\u044e"], ["sin(3)", "0.052 335 956 242 943 833", "", -2, null, "\u043f\u043e \u0443\u043c\u043e\u043b\u0447\u0430\u043d\u0438\u044e"], ["si)by()n(log(3)", " \u0427\u0442\u043e-\u0442\u043e \u043d\u0435 \u0442\u0430\u043a \u0441\u043e \u0441\u043a\u043e\u0431\u043a\u0430\u043c\u0438, \u043c\u043e\u0434\u0443\u043b\u0435\u043c \u0438\u043b\u0438 \u043b\u043e\u0433\u0430\u0440\u0438\u0444\u043c\u043e\u043c!", "", 2, null, "\u043f\u043e \u0443\u043c\u043e\u043b\u0447\u0430\u043d\u0438\u044e"], ["sin(3)", "0.052 335 956 242 943 833", "", -2, null, "\u043f\u043e \u0443\u043c\u043e\u043b\u0447\u0430\u043d\u0438\u044e"], ["si)by()n(log(3)", " \u0427\u0442\u043e-\u0442\u043e \u043d\u0435 \u0442\u0430\u043a \u0441\u043e \u0441\u043a\u043e\u0431\u043a\u0430\u043c\u0438, \u043c\u043e\u0434\u0443\u043b\u0435\u043c \u0438\u043b\u0438 \u043b\u043e\u0433\u0430\u0440\u0438\u0444\u043c\u043e\u043c!", "", 2, null, "\u043f\u043e \u0443\u043c\u043e\u043b\u0447\u0430\u043d\u0438\u044e"], ["si)by()n(log(3)", " \u0427\u0442\u043e-\u0442\u043e \u043d\u0435 \u0442\u0430\u043a \u0441\u043e \u0441\u043a\u043e\u0431\u043a\u0430\u043c\u0438, \u043c\u043e\u0434\u0443\u043b\u0435\u043c \u0438\u043b\u0438 \u043b\u043e\u0433\u0430\u0440\u0438\u0444\u043c\u043e\u043c!", "", 14, null, "\u043f\u043e \u0443\u043c\u043e\u043b\u0447\u0430\u043d\u0438\u044e"], ["", "", "", 0, null, "\u043f\u043e \u0443\u043c\u043e\u043b\u0447\u0430\u043d\u0438\u044e"], ["sin()", " \u2013 \u0441\u0438\u043d\u0443\u0441(\u0432 \u0440\u0430\u0434\u0438\u0430\u043d\u0430\u0445, \u0435\u0441\u043b\u0438 \u0443\u0433\u043e\u043b \u0438\u0440\u0440\u0430\u0446\u0438\u043e\u043d\u0430\u043b\u044c\u043d\u044b\u0439, \u0438\u043d\u0430\u0447\u0435 \u0432 \u0433\u0440\u0430\u0434\u0443\u0441\u0430\u0445)", "", 4, null, "\u043f\u043e \u0443\u043c\u043e\u043b\u0447\u0430\u043d\u0438\u044e"], ["sin(-)", "0", "", 5, null, "\u043f\u043e \u0443\u043c\u043e\u043b\u0447\u0430\u043d\u0438\u044e"], ["sin(-5)", "-0.087 155 742 747 658 174", "", 6, null, "\u043f\u043e \u0443\u043c\u043e\u043b\u0447\u0430\u043d\u0438\u044e"], ["sin(-5)", "-0.087 155 742 747 658 174", "", 5, null, "\u043f\u043e \u0443\u043c\u043e\u043b\u0447\u0430\u043d\u0438\u044e"], ["sin(-5)", "-0.087 155 