{"closing time": [1753638605.5080945, 1753638616.9240396, 1753638807.9854145], "example before closing": "", "cursor before closing": 0, "cursor before moving calc": 0, "recent examples": [["sin(9.66)+cos(68.621211241143443141241242352252446343634643346346346436343464434363)", "1.048 326 438 837 647 546", "sin9.66+cos(68.621211241143443141241242352252446343634643346346346436343464434363)", 83], ["sin(9.66)+cos(68.6212112411434431412412423522524463436346433463463464363434644343634)", "1.048 326 438 837 647 546", "sin9.66+cos(68.6212112411434431412412423522524463436346433463463464363434644343634)", 84], ["sin(9.66)+cos(68.62121124114344314124124235225244634363464334634634643634346443436346)", "1.048 326 438 837 647 546", "sin9.66+cos(68.62121124114344314124124235225244634363464334634634643634346443436346)", 85], ["sin(9.66)+cos(68.621211241143443141241242352252446343634643346346346436343464434363463)", "1.048 326 438 837 647 546", "sin9.66+cos(68.621211241143443141241242352252446343634643346346346436343464434363463)", 86], ["sin(9.66)+cos(68.6212112411434431412412423522524463436346433463463464363434644343634634)", "1.048 326 438 837 647 546", "sin9.66+cos(68.6212112411434431412412423522524463436346433463463464363434644343634634)", 87], ["sin(9.66)+cos(68.62121124114344314124124235225244634363464334634634643634346443436346346)", "1.048 326 438 837 647 546", "sin9.66+cos(68.62121124114344314124124235225244634363464334634634643634346443436346346)", 88], ["sin(9.66)+cos(68.621211241143443141241242352252446343634643346346346436343464434363463463)", "1.048 326 438 837 647 546", "sin9.66+cos(68.621211241143443141241242352252446343634643346346346436343464434363463463)", 89], ["sin(9.66)+cos(68.6212112411434431412412423522524463436346433463463464363434644343634634634)", "1.048 326 438 837 647 546", "sin9.66+cos(68.6212112411434431412412423522524463436346433463463464363434644343634634634)", 90], ["sin(9.66)+cos(68.62121124114344314124124235225244634363464334634634643634346443436346346343)", "1.048 326 438 837 647 546", "sin9.66+cos(68.62121124114344314124124235225244634363464334634634643634346443436346346343)", 91], ["sin(9.66)+cos(68.621211241143443141241242352252446343634643346346346436343464434363463463434)", "1.048 326 438 837 647 546", "sin9.66+cos(68.621211241143443141241242352252446343634643346346346436343464434363463463434)", 92], ["sin(9.66)+cos(68.6212112411434431412412423522524463436346433463463464363434644343634634634343)", "1.048 326 438 837 647 546", "sin9.66+cos(68.6212112411434431412412423522524463436346433463463464363434644343634634634343)", 93], ["sin(9.66)+cos(68.62121124114344314124124235225244634363464334634634643634346443436346346343434)", "1.048 326 438 837 647 546", "sin9.66+cos(68.62121124114344314124124235225244634363464334634634643634346443436346346343434)", 94], ["sin(9.66)+cos(68.621211241143443141241242352252446343634643346346346436343464434363463463434346)", "1.048 326 438 837 647 546", "sin9.66+cos(68.621211241143443141241242352252446343634643346346346436343464434363463463434346)", 95], ["sin(9.66)+cos(68.6212112411434431412412423522524463436346433463463464363434644343634634634343463)", "1.048 326 438 837 647 546", "sin9.66+cos(68.6212112411434431412412423522524463436346433463463464363434644343634634634343463)", 96], ["sin(9.66)+cos(68.62121124114344314124124235225244634363464334634634643634346443436346346343434634)", "1.048 326 438 837 647 546", "sin9.66+cos(68.62121124114344314124124235225244634363464334634634643634346443436346346343434634)", 97], ["", "\u041e\u0448\u0438\u0431\u043e\u043a \u043d\u0435 \u043f\u0440\u043e\u0449\u0430\u044e. \u041d\u043e \u0437\u0430\u043f\u043e\u043c\u0438\u043d\u0430\u044e", "", 0], ["e", "2.718 281 828 459 045 235", "e", 1], ["e\u20220.", "0", "e\u20220", 4], ["e\u20220.5", "1.359 140 914 229 522 618", "e\u20220.5", 5], ["", "\u0417\u043d\u0430\u0435\u0448\u044c, \u0447\u0442\u043e ** \u2014 \u044d\u0442\u043e \u0441\u0442\u0435\u043f\u0435\u043d\u044c? \u0422\u0435\u043f\u0435\u0440\u044c \u0437\u043d\u0430\u0435\u0448\u044c", "", 0]],